# w	r	m	lv	t (自/他/両/?)
食べる	たべる	吃	n5	他
見る	みる	看	n5	他
起きる	おきる	起床	n5	自
寝る	ねる	睡覺	n5	自
出る	でる	出去	n5	自
入れる	いれる	放入	n5	他
出かける	でかける	出門	n5	自
開ける	あける	打開	n5	他
閉める	しめる	關閉	n5	他
つける	つける	開(電器)	n5	他
消す	けす	關・擦掉	n5	他
教える	おしえる	教・告訴	n5	他
覚える	おぼえる	記住	n5	他
忘れる	わすれる	忘記	n5	他
見せる	みせる	給…看	n5	他
答える	こたえる	回答	n5	他
借りる	かりる	借入	n5	他
浴びる	あびる	淋	n5	他
降りる	おりる	下(車)	n5	自
着る	きる	穿(上衣)	n5	他
できる	できる	能・會	n5	自
いる	いる	在(生物)	n5	自
掛ける	かける	打(電話)	n5	他
疲れる	つかれる	累	n5	自
止める	とめる	停止	n5	他
並べる	ならべる	排列	n5	他
始める	はじめる	開始	n5	他
生まれる	うまれる	出生	n5	自
考える	かんがえる	思考	n5	他
行く	いく	去	n5	自
来る	くる	來	n5	自
帰る	かえる	回去	n5	自
ある	ある	在(非生物)	n5	自
する	する	做	n5	他
なる	なる	變成	n5	自
言う	いう	說	n5	他
聞く	きく	聽・問	n5	他
話す	はなす	說話	n5	両
読む	よむ	讀	n5	他
書く	かく	寫	n5	他
飲む	のむ	喝	n5	他
買う	かう	買	n5	他
売る	うる	賣	n5	他
待つ	まつ	等	n5	他
立つ	たつ	站	n5	自
座る	すわる	坐	n5	自
入る	はいる	進入	n5	自
乗る	のる	搭乘	n5	自
走る	はしる	跑	n5	自
歩く	あるく	走路	n5	自
泳ぐ	およぐ	游泳	n5	自
遊ぶ	あそぶ	玩	n5	自
使う	つかう	使用	n5	他
作る	つくる	做・製作	n5	他
持つ	もつ	拿・擁有	n5	他
置く	おく	放置	n5	他
送る	おくる	送	n5	他
返す	かえす	歸還	n5	他
貸す	かす	借出	n5	他
押す	おす	推・按	n5	他
引く	ひく	拉・彈	n5	他
切る	きる	切	n5	他
撮る	とる	拍(照)	n5	他
取る	とる	拿取	n5	他
吸う	すう	吸	n5	他
洗う	あらう	洗	n5	他
磨く	みがく	刷(牙)	n5	他
渡す	わたす	交給	n5	他
渡る	わたる	過(橋)	n5	自
曲がる	まがる	轉彎	n5	自
止まる	とまる	停下	n5	自
動く	うごく	動	n5	自
開く	あく	開(自動)	n5	自
閉まる	しまる	關(自動)	n5	自
付く	つく	亮(自動)	n5	自
消える	きえる	消失	n5	自
掛かる	かかる	花(時間)	n5	自
始まる	はじまる	開始(自)	n5	自
終わる	おわる	結束	n5	自
住む	すむ	住	n5	自
働く	はたらく	工作	n5	自
休む	やすむ	休息	n5	自
出す	だす	拿出	n5	他
届く	とどく	送達	n5	自
習う	ならう	學習	n5	他
会う	あう	見面	n5	自
歌う	うたう	唱歌	n5	他
弾く	ひく	彈(琴)	n5	他
吹く	ふく	吹	n5	両
降る	ふる	下(雨雪)	n5	自
飛ぶ	とぶ	飛	n5	自
死ぬ	しぬ	死	n5	自
要る	いる	需要	n5	自
知る	しる	知道	n5	他
分かる	わかる	明白	n5	自
思う	おもう	想・認為	n5	他
困る	こまる	困擾	n5	自
頼む	たのむ	拜託	n5	他
呼ぶ	よぶ	叫	n5	他
笑う	わらう	笑	n5	自
泣く	なく	哭	n5	自
怒る	おこる	生氣	n5	自
違う	ちがう	不同	n5	自
並ぶ	ならぶ	排隊	n5	自
登る	のぼる	爬(山)	n5	自
脱ぐ	ぬぐ	脫	n5	他
履く	はく	穿(下半)	n5	他
被る	かぶる	戴(帽子)	n5	他
もらう	もらう	收到	n5	他
あげる	あげる	給	n5	他
くれる	くれる	(對方)給我	n5	他
なくす	なくす	弄丟	n5	他
勉強する	べんきょうする	學習	n5	他
散歩する	さんぽする	散步	n5	自
旅行する	りょこうする	旅行	n5	自
買い物する	かいものする	購物	n5	自
料理する	りょうりする	做菜	n5	他
洗濯する	せんたくする	洗衣服	n5	他
掃除する	そうじする	打掃	n5	他
電話する	でんわする	打電話	n5	自
結婚する	けっこんする	結婚	n5	自
練習する	れんしゅうする	練習	n5	他
コピーする	こぴーする	複印	n5	他
運動する	うんどうする	運動	n5	自
心配する	しんぱいする	擔心	n5	他
食事する	しょくじする	用餐	n5	自
準備する	じゅんびする	準備	n5	他
紹介する	しょうかいする	介紹	n5	他
届ける	とどける	送達	n4	他
届く	とどく	送到	n4	自
伝える	つたえる	傳達	n4	他
伝わる	つたわる	傳開	n4	自
集める	あつめる	收集	n4	他
集まる	あつまる	聚集	n4	自
決める	きめる	決定	n4	他
決まる	きまる	決定了	n4	自
変える	かえる	改變	n4	他
変わる	かわる	變化	n4	自
始める	はじめる	開始(他)	n4	他
始まる	はじまる	開始(自)	n4	自
続ける	つづける	繼續(他)	n4	他
続く	つづく	繼續(自)	n4	自
上げる	あげる	抬起	n4	他
上がる	あがる	上升	n4	自
下げる	さげる	降低	n4	他
下がる	さがる	下降	n4	自
見つける	みつける	找到	n4	他
見つかる	みつかる	被找到	n4	自
壊す	こわす	弄壞	n4	他
壊れる	こわれる	壞掉	n4	自
汚す	よごす	弄髒	n4	他
汚れる	よごれる	髒了	n4	自
落とす	おとす	弄掉	n4	他
落ちる	おちる	掉落	n4	自
起こす	おこす	叫醒	n4	他
起きる	おきる	起床	n4	自
倒す	たおす	推倒	n4	他
倒れる	たおれる	倒下	n4	自
回す	まわす	轉動(他)	n4	他
回る	まわる	轉動(自)	n4	自
動かす	うごかす	移動(他)	n4	他
動く	うごく	移動(自)	n4	自
止める	とめる	停止(他)	n4	他
止まる	とまる	停下(自)	n4	自
直す	なおす	修理/改正	n4	他
直る	なおる	修好	n4	自
戻す	もどす	退回	n4	他
戻る	もどる	回去	n4	自
片付ける	かたづける	整理	n4	他
片付く	かたづく	整理好	n4	自
開ける	あける	打開	n4	他
開く	ひらく	開(自)	n4	両
閉める	しめる	關閉(他)	n4	他
閉まる	しまる	關閉(自)	n4	自
付ける	つける	安裝	n4	他
付く	つく	附著	n4	自
並べる	ならべる	排列	n4	他
並ぶ	ならぶ	排隊	n4	自
建てる	たてる	建造	n4	他
建つ	たつ	建好	n4	自
焼く	やく	烤/燒	n4	他
焼ける	やける	燒焦	n4	自
沸かす	わかす	燒開水	n4	他
沸く	わく	沸騰	n4	自
冷やす	ひやす	冷卻(他)	n4	他
冷える	ひえる	冷卻(自)	n4	自
乾かす	かわかす	弄乾	n4	他
乾く	かわく	乾了	n4	自
増やす	ふやす	增加(他)	n4	他
増える	ふえる	增加(自)	n4	自
減らす	へらす	減少(他)	n4	他
減る	へる	減少(自)	n4	自
起こる	おこる	發生	n4	自
慣れる	なれる	習慣	n4	自
間に合う	まにあう	來得及	n4	自
足りる	たりる	足夠	n4	自
似合う	にあう	適合	n4	自
似る	にる	像/相似	n4	自
合う	あう	合適	n4	自
通う	かよう	通勤	n4	自
通る	とおる	通過	n4	自
通す	とおす	讓通過	n4	他
送る	おくる	寄送	n4	他
受ける	うける	接受	n4	他
受け取る	うけとる	收到	n4	他
申し込む	もうしこむ	申請	n4	他
断る	ことわる	拒絕	n4	他
許す	ゆるす	原諒	n4	他
叱る	しかる	罵	n4	他
褒める	ほめる	稱讚	n4	他
謝る	あやまる	道歉	n4	自
祈る	いのる	祈禱	n4	他
祝う	いわう	祝賀	n4	他
喜ぶ	よろこぶ	高興	n4	自
悲しむ	かなしむ	悲傷	n4	他
驚く	おどろく	驚訝	n4	自
怒る	おこる	生氣	n4	自
笑う	わらう	笑	n4	自
泣く	なく	哭	n4	自
困る	こまる	困擾	n4	自
迷う	まよう	猶豫	n4	自
悩む	なやむ	煩惱	n4	自
心配する	しんぱいする	擔心	n4	他
安心する	あんしんする	安心	n4	自
感動する	かんどうする	感動	n4	自
感謝する	かんしゃする	感謝	n4	他
我慢する	がまんする	忍耐	n4	他
注意する	ちゅういする	注意	n4	他
遠慮する	えんりょする	客氣	n4	自
反対する	はんたいする	反對	n4	他
賛成する	さんせいする	贊成	n4	他
相談する	そうだんする	商量	n4	他
説明する	せつめいする	說明	n4	他
紹介する	しょうかいする	介紹	n4	他
連絡する	れんらくする	聯絡	n4	他
約束する	やくそくする	約定	n4	他
挨拶する	あいさつする	打招呼	n4	自
準備する	じゅんびする	準備	n4	他
計画する	けいかくする	計劃	n4	他
予約する	よやくする	預約	n4	他
参加する	さんかする	參加	n4	自
出席する	しゅっせきする	出席	n4	自
欠席する	けっせきする	缺席	n4	自
出発する	しゅっぱつする	出發	n4	自
到着する	とうちゃくする	到達	n4	自
卒業する	そつぎょうする	畢業	n4	自
入学する	にゅうがくする	入學	n4	自
合格する	ごうかくする	及格	n4	自
就職する	しゅうしょくする	就業	n4	自
入院する	にゅういんする	住院	n4	自
退院する	たいいんする	出院	n4	自
翻訳する	ほんやくする	翻譯	n4	他
輸出する	ゆしゅつする	出口	n4	他
輸入する	ゆにゅうする	進口	n4	他
利用する	りようする	利用	n4	他
確認する	かくにんする	確認	n4	他
発表する	はっぴょうする	發表	n4	他
報告する	ほうこくする	報告	n4	他
研究する	けんきゅうする	研究	n4	他
修理する	しゅうりする	修理	n4	他
掃除する	そうじする	打掃	n4	他
洗濯する	せんたくする	洗衣服	n4	他
料理する	りょうりする	做菜	n4	他
運動する	うんどうする	運動	n4	自
散歩する	さんぽする	散步	n4	自
引っ越す	ひっこす	搬家	n4	自
運ぶ	はこぶ	搬運	n4	他
拾う	ひろう	撿起	n4	他
捨てる	すてる	丟棄	n4	他
拭く	ふく	擦拭	n4	他
磨く	みがく	磨/刷	n4	他
干す	ほす	曬	n4	他
畳む	たたむ	折疊	n4	他
包む	つつむ	包裝	n4	他
縛る	しばる	綁	n4	他
植える	うえる	種植	n4	他
育てる	そだてる	培育	n4	他
育つ	そだつ	成長	n4	自
飼う	かう	飼養	n4	他
触る	さわる	觸碰	n4	自
踏む	ふむ	踩	n4	他
蹴る	ける	踢	n4	他
投げる	なげる	投/丟	n4	他
打つ	うつ	打	n4	他
引く	ひく	拉/拖	n4	他
押す	おす	推/按	n4	他
振る	ふる	揮/搖	n4	他
握る	にぎる	握	n4	他
掴む	つかむ	抓住	n4	他
抱く	だく	抱	n4	他
叩く	たたく	敲/拍	n4	他
噛む	かむ	咬	n4	両
吸う	すう	吸	n4	他
吹く	ふく	吹	n4	両
数える	かぞえる	數	n4	他
調べる	しらべる	調查	n4	他
比べる	くらべる	比較	n4	他
試す	ためす	嘗試	n4	他
確かめる	たしかめる	確認	n4	他
探す	さがす	尋找	n4	他
選ぶ	えらぶ	選擇	n4	他
捕まえる	つかまえる	抓住	n4	他
捕まる	つかまる	被抓	n4	自
逃げる	にげる	逃跑	n4	自
追いかける	おいかける	追趕	n4	他
守る	まもる	遵守/保護	n4	他
戦う	たたかう	戰鬥	n4	自
競争する	きょうそうする	競爭	n4	自
勝つ	かつ	贏	n4	自
負ける	まける	輸	n4	自
諦める	あきらめる	放棄	n4	他
頑張る	がんばる	加油	n4	自
努力する	どりょくする	努力	n4	自
信じる	しんじる	相信	n4	他
疑う	うたがう	懷疑	n4	他
思い出す	おもいだす	想起	n4	他
忘れる	わすれる	忘記	n4	他
気がつく	きがつく	注意到	n4	自
気にする	きにする	在意	n4	他
考える	かんがえる	思考	n4	他
思う	おもう	覺得	n4	他
感じる	かんじる	感覺	n4	他
理解する	りかいする	理解	n4	他
知る	しる	知道	n4	他
覚える	おぼえる	記住	n4	他
見える	みえる	看得見	n4	自
聞こえる	きこえる	聽得見	n4	自
匂う	におう	有味道	n4	自
構う	かまう	介意	n4	両
尋ねる	たずねる	詢問	n4	他
訪ねる	たずねる	拜訪	n4	他
答える	こたえる	回答	n4	両
話し合う	はなしあう	討論	n4	自
申す	もうす	說(謙)	n4	他
参る	まいる	去(謙)	n4	自
いらっしゃる	いらっしゃる	在/去(敬)	n4	自
おっしゃる	おっしゃる	說(敬)	n4	他
召し上がる	めしあがる	吃(敬)	n4	他
いただく	いただく	收到(謙)	n4	他
差し上げる	さしあげる	給(謙)	n4	他
ご覧になる	ごらんになる	看(敬)	n4	他
致す	いたす	做(謙)	n4	他
存じる	ぞんじる	知道(謙)	n4	他
願う	ねがう	祈願	n4	他
頼む	たのむ	拜託	n4	他
誘う	さそう	邀請	n4	他
招待する	しょうたいする	招待	n4	他
案内する	あんないする	帶路	n4	他
集中する	しゅうちゅうする	集中	n3	自
成長する	せいちょうする	成長	n3	自
発展する	はってんする	發展	n3	自
変化する	へんかする	變化	n3	自
影響する	えいきょうする	影響	n3	自
存在する	そんざいする	存在	n3	自
実現する	じつげんする	實現	n3	両
発生する	はっせいする	發生	n3	自
増加する	ぞうかする	增加	n3	両
減少する	げんしょうする	減少	n3	両
参加する	さんかする	參加	n3	自
利用する	りようする	利用	n3	他
表現する	ひょうげんする	表達	n3	他
確認する	かくにんする	確認	n3	他
判断する	はんだんする	判斷	n3	他
解決する	かいけつする	解決	n3	両
報告する	ほうこくする	報告	n3	他
説明する	せつめいする	說明	n3	他
経験する	けいけんする	經驗	n3	他
記録する	きろくする	記錄	n3	他
完成する	かんせいする	完成	n3	両
連絡する	れんらくする	聯絡	n3	自
相談する	そうだんする	商量	n3	自
想像する	そうぞうする	想像	n3	他
注目する	ちゅうもくする	注目	n3	自
行動する	こうどうする	行動	n3	自
活動する	かつどうする	活動	n3	自
管理する	かんりする	管理	n3	他
開発する	かいはつする	開發	n3	他
調査する	ちょうさする	調查	n3	他
研究する	けんきゅうする	研究	n3	他
議論する	ぎろんする	討論	n3	自
比較する	ひかくする	比較	n3	他
評価する	ひょうかする	評價	n3	他
期待する	きたいする	期待	n3	他
提案する	ていあんする	提案	n3	他
計画する	けいかくする	計畫	n3	他
設計する	せっけいする	設計	n3	他
建設する	けんせつする	建設	n3	他
交換する	こうかんする	交換	n3	他
主張する	しゅちょうする	主張	n3	他
選択する	せんたくする	選擇	n3	他
決定する	けっていする	決定	n3	両
採用する	さいようする	錄用	n3	他
支援する	しえんする	支援	n3	他
指導する	しどうする	指導	n3	他
実施する	じっしする	實施	n3	他
成功する	せいこうする	成功	n3	自
失敗する	しっぱいする	失敗	n3	自
努力する	どりょくする	努力	n3	自
満足する	まんぞくする	滿足	n3	自
感染する	かんせんする	感染	n3	自
治療する	ちりょうする	治療	n3	両
診察する	しんさつする	診察	n3	両
手術する	しゅじゅつする	手術	n3	両
入院する	にゅういんする	住院	n3	自
退院する	たいいんする	出院	n3	自
応用する	おうようする	應用	n3	両
認識する	にんしきする	認識	n3	両
独立する	どくりつする	獨立	n3	自
交流する	こうりゅうする	交流	n3	自
訪問する	ほうもんする	訪問	n3	両
防止する	ぼうしする	防止	n3	他
予防する	よぼうする	預防	n3	他
証明する	しょうめいする	證明	n3	他
宣伝する	せんでんする	宣傳	n3	両
放送する	ほうそうする	播放	n3	両
出版する	しゅっぱんする	出版	n3	両
印刷する	いんさつする	印刷	n3	両
輸出する	ゆしゅつする	出口	n3	両
輸入する	ゆにゅうする	進口	n3	両
出発する	しゅっぱつする	出發	n3	自
到着する	とうちゃくする	到達	n3	自
卒業する	そつぎょうする	畢業	n3	自
入学する	にゅうがくする	入學	n3	自
留学する	りゅうがくする	留學	n3	自
就職する	しゅうしょくする	就業	n3	自
退職する	たいしょくする	退休	n3	自
通勤する	つうきんする	通勤	n3	自
残業する	ざんぎょうする	加班	n3	自
化粧する	けしょうする	化妝	n3	自
我慢する	がまんする	忍耐	n3	両
誤解する	ごかいする	誤解	n3	両
合格する	ごうかくする	及格	n3	?
休憩する	きゅうけいする	休息	n3	?
契約する	けいやくする	簽約	n3	?
経営する	けいえいする	經營	n3	?
出張する	しゅっちょうする	出差	n3	?
注射する	ちゅうしゃする	打針	n3	?
離婚する	りこんする	離婚	n3	?
結婚する	けっこんする	結婚	n3	?
挨拶する	あいさつする	打招呼	n3	?
遠慮する	えんりょする	客氣	n3	?
迷惑する	めいわくする	感到困擾	n3	?
信頼する	しんらいする	信賴	n3	?
信用する	しんようする	信用	n3	?
要求する	ようきゅうする	要求	n3	?
命令する	めいれいする	命令	n3	?
許可する	きょかする	許可	n3	?
禁止する	きんしする	禁止	n3	?
制限する	せいげんする	限制	n3	?
注意する	ちゅういする	注意	n3	?
反対する	はんたいする	反對	n3	?
賛成する	さんせいする	贊成	n3	?
緊張する	きんちょうする	緊張	n3	?
感動する	かんどうする	感動	n3	?
安心する	あんしんする	安心	n3	?
心配する	しんぱいする	擔心	n3	?
後悔する	こうかいする	後悔	n3	?
尊敬する	そんけいする	尊敬	n3	?
感謝する	かんしゃする	感謝	n3	?
反省する	はんせいする	反省	n3	?
覚悟する	かくごする	覺悟	n3	?
意識する	いしきする	意識到	n3	?
移動する	いどうする	移動	n3	?
延期する	えんきする	延期	n3	?
応援する	おうえんする	應援	n3	?
回復する	かいふくする	恢復	n3	?
確保する	かくほする	確保	n3	?
観察する	かんさつする	觀察	n3	?
吸収する	きゅうしゅうする	吸收	n3	?
共感する	きょうかんする	共鳴	n3	?
記憶する	きおくする	記憶	n3	?
工夫する	くふうする	下工夫	n3	?
苦労する	くろうする	辛苦	n3	?
検討する	けんとうする	探討	n3	?
交際する	こうさいする	交往	n3	?
貢献する	こうけんする	貢獻	n3	?
故障する	こしょうする	故障	n3	?
混乱する	こんらんする	混亂	n3	?
参考する	さんこうする	參考	n3	?
賛同する	さんどうする	贊同	n3	?
指摘する	してきする	指出	n3	他
刺激する	しげきする	刺激	n3	他
修理する	しゅうりする	修理	n3	他
主催する	しゅさいする	主辦	n3	他
省略する	しょうりゃくする	省略	n3	他
紹介する	しょうかいする	介紹	n3	他
消費する	しょうひする	消費	n3	他
進歩する	しんぽする	進步	n3	自
推薦する	すいせんする	推薦	n3	他
生産する	せいさんする	生產	n3	他
設定する	せっていする	設定	n3	他
節約する	せつやくする	節約	n3	他
対応する	たいおうする	對應	n3	自
体験する	たいけんする	體驗	n3	他
担当する	たんとうする	負責	n3	他
挑戦する	ちょうせんする	挑戰	n3	自
追加する	ついかする	追加	n3	他
通過する	つうかする	通過	n3	自
展開する	てんかいする	展開	n3	両
登場する	とうじょうする	登場	n3	自
投資する	とうしする	投資	n3	他
統一する	とういつする	統一	n3	他
発表する	はっぴょうする	發表	n3	他
否定する	ひていする	否定	n3	他
批判する	ひはんする	批判	n3	他
普及する	ふきゅうする	普及	n3	自
復活する	ふっかつする	復活	n3	自
分析する	ぶんせきする	分析	n3	他
保証する	ほしょうする	保證	n3	他
翻訳する	ほんやくする	翻譯	n3	他
予約する	よやくする	預約	n3	他
予想する	よそうする	預測	n3	他
了解する	りょうかいする	了解	n3	他
暗記する	あんきする	背誦	n3	他
意見する	いけんする	提意見	n3	自
運転する	うんてんする	駕駛	n3	両
回転する	かいてんする	旋轉	n3	両
改善する	かいぜんする	改善	n3	他
乾燥する	かんそうする	乾燥	n3	両
完了する	かんりょうする	完了	n3	両
関連する	かんれんする	相關	n3	自
記載する	きさいする	記載	n3	他
共有する	きょうゆうする	共有	n3	他
協力する	きょうりょくする	合作	n3	自
区別する	くべつする	區別	n3	他
繰り返す	くりかえす	重複	n3	両
答える	こたえる	回答	n3	両
異なる	ことなる	不同	n3	自
断る	ことわる	拒絕	n3	他
込む	こむ	擁擠	n3	自
壊す	こわす	弄壞	n3	他
壊れる	こわれる	壞掉	n3	自
探す	さがす	尋找	n3	他
下がる	さがる	下降	n3	自
叫ぶ	さけぶ	叫喊	n3	両
避ける	さける	避開	n3	他
支える	ささえる	支撐	n3	他
誘う	さそう	邀請	n3	他
騒ぐ	さわぐ	吵鬧	n3	自
触る	さわる	觸摸	n3	自
叱る	しかる	責罵	n3	他
沈む	しずむ	沉	n3	自
示す	しめす	表示	n3	他
閉める	しめる	關閉	n3	他
占める	しめる	佔據	n3	他
従う	したがう	遵從	n3	自
調べる	しらべる	調查	n3	他
信じる	しんじる	相信	n3	他
進む	すすむ	前進	n3	自
勧める	すすめる	推薦	n3	他
捨てる	すてる	丟棄	n3	他
滑る	すべる	滑	n3	自
済む	すむ	結束	n3	自
刷る	する	印刷	n3	他
育つ	そだつ	成長	n3	自
育てる	そだてる	培育	n3	他
揃える	そろえる	整齊排列	n3	他
揃う	そろう	齊全	n3	自
倒す	たおす	推倒	n3	他
倒れる	たおれる	倒下	n3	自
助かる	たすかる	得救	n3	自
助ける	たすける	幫助	n3	他
戦う	たたかう	戰鬥	n3	自
叩く	たたく	敲打	n3	他
建てる	たてる	建造	n3	他
頼む	たのむ	拜託	n3	他
頼る	たよる	依賴	n3	自
足りる	たりる	足夠	n3	自
散る	ちる	散落	n3	自
捕まえる	つかまえる	抓住	n3	他
掴む	つかむ	握住	n3	他
付き合う	つきあう	交往	n3	自
尽くす	つくす	盡力	n3	他
伝える	つたえる	傳達	n3	他
伝わる	つたわる	傳開	n3	自
続く	つづく	持續	n3	自
続ける	つづける	繼續	n3	他
包む	つつむ	包裝	n3	他
繋がる	つながる	連接	n3	自
繋げる	つなげる	連結	n3	他
潰す	つぶす	壓碎	n3	他
詰める	つめる	裝填	n3	他
釣る	つる	釣魚	n3	他
通す	とおす	通過；貫徹	n3	他
届く	とどく	送達	n3	自
届ける	とどける	送交	n3	他
整う	ととのう	整齊	n3	自
整える	ととのえる	整理	n3	他
飛び出す	とびだす	飛出	n3	自
泊まる	とまる	住宿	n3	自
止める	とめる	停止	n3	他
取り上げる	とりあげる	拿起；採納	n3	他
取り出す	とりだす	拿出	n3	他
取り消す	とりけす	取消	n3	他
取り替える	とりかえる	更換	n3	他
撮る	とる	拍攝	n3	他
慣れる	なれる	習慣	n3	自
悩む	なやむ	煩惱	n3	自
並べる	ならべる	排列	n3	他
鳴る	なる	響	n3	自
握る	にぎる	握	n3	他
逃げる	にげる	逃跑	n3	自
睨む	にらむ	瞪	n3	他
抜く	ぬく	拔出	n3	他
抜ける	ぬける	脫落	n3	自
盗む	ぬすむ	偷	n3	他
濡れる	ぬれる	淋濕	n3	自
塗る	ぬる	塗	n3	他
願う	ねがう	祈願	n3	他
狙う	ねらう	瞄準	n3	他
残す	のこす	留下	n3	他
残る	のこる	剩餘	n3	自
伸ばす	のばす	延伸	n3	他
伸びる	のびる	成長	n3	自
乗り越える	のりこえる	越過	n3	他
外す	はずす	取下	n3	他
外れる	はずれる	脫落	n3	自
果たす	はたす	達成	n3	他
放す	はなす	放開	n3	他
離す	はなす	分開	n3	他
離れる	はなれる	離開	n3	自
払う	はらう	支付	n3	他
張る	はる	貼；張	n3	両
引き受ける	ひきうける	承擔	n3	他
引き返す	ひきかえす	折返	n3	自
引っ越す	ひっこす	搬家	n3	自
響く	ひびく	響	n3	自
広がる	ひろがる	擴展	n3	自
広げる	ひろげる	展開	n3	他
拾う	ひろう	撿	n3	他
含む	ふくむ	包含	n3	他
含める	ふくめる	包括在內	n3	他
増える	ふえる	增加	n3	自
増やす	ふやす	增加	n3	他
減る	へる	減少	n3	自
減らす	へらす	減少	n3	他
振る	ふる	揮動	n3	他
振り返る	ふりかえる	回頭	n3	自
触れる	ふれる	觸碰	n3	自
曲がる	まがる	轉彎	n3	自
曲げる	まげる	弄彎	n3	他
混ぜる	まぜる	混合	n3	他
間に合う	まにあう	趕上	n3	自
招く	まねく	招待	n3	他
守る	まもる	遵守；保護	n3	他
迷う	まよう	迷路	n3	自
回す	まわす	轉動	n3	他
回る	まわる	繞行	n3	自
磨く	みがく	磨；刷牙	n3	他
認める	みとめる	承認	n3	他
向かう	むかう	朝向	n3	自
向く	むく	面向	n3	自
向ける	むける	朝向	n3	他
迎える	むかえる	迎接	n3	他
結ぶ	むすぶ	綁；締結	n3	両
恵まれる	めぐまれる	受恩惠	n3	自
目指す	めざす	以...為目標	n3	他
申し込む	もうしこむ	申請	n3	他
燃える	もえる	燃燒	n3	自
燃やす	もやす	焚燒	n3	他
戻す	もどす	歸還	n3	他
戻る	もどる	返回	n3	自
求める	もとめる	要求；追求	n3	他
基づく	もとづく	基於	n3	自
破る	やぶる	撕破；打破	n3	他
破れる	やぶれる	破裂	n3	自
雇う	やとう	雇用	n3	他
譲る	ゆずる	讓步	n3	他
揺れる	ゆれる	搖晃	n3	自
汚す	よごす	弄髒	n3	他
汚れる	よごれる	變髒	n3	自
寄る	よる	靠近	n3	自
沸かす	わかす	煮沸	n3	他
沸く	わく	沸騰	n3	自
分ける	わける	分開	n3	他
渡す	わたす	遞交	n3	他
驚く	おどろく	驚訝	n3	自
追いかける	おいかける	追趕	n3	他
追い出す	おいだす	趕出	n3	他
起こす	おこす	叫醒；引起	n3	他
怒る	おこる	生氣	n3	両
行う	おこなう	進行	n3	他
治る	なおる	痊癒	n3	自
治す	なおす	治好	n3	他
直す	なおす	修理	n3	他
直る	なおる	修好	n3	自
飾る	かざる	裝飾	n3	他
稼ぐ	かせぐ	賺錢	n3	他
固まる	かたまる	凝固	n3	自
片付ける	かたづける	收拾	n3	他
かなう	かなう	實現	n3	自
兼ねる	かねる	兼任	n3	他
被る	かぶる	蒙受	n3	他
噛む	かむ	咬	n3	他
構う	かまう	在意	n3	両
刈る	かる	割；修剪	n3	他
枯れる	かれる	枯萎	n3	自
乾く	かわく	乾	n3	自
飢える	うえる	飢餓	n3	自
植える	うえる	種植	n3	他
浮かぶ	うかぶ	浮現	n3	自
浮かべる	うかべる	使浮起	n3	他
受け取る	うけとる	接收	n3	他
受け入れる	うけいれる	接受	n3	他
動かす	うごかす	移動	n3	他
失う	うしなう	失去	n3	他
疑う	うたがう	懷疑	n3	他
奪う	うばう	奪取	n3	他
埋める	うめる	埋	n3	他
裏切る	うらぎる	背叛	n3	他
恨む	うらむ	怨恨	n3	他
得る	える	獲得	n3	他
追う	おう	追	n3	他
覆う	おおう	覆蓋	n3	他
補う	おぎなう	補充	n3	他
送り届ける	おくりとどける	送到	n3	他
押さえる	おさえる	壓住	n3	他
収める	おさめる	收納	n3	他
恐れる	おそれる	害怕	n3	両
襲う	おそう	襲擊	n3	他
落ち着く	おちつく	冷靜下來	n3	自
落とす	おとす	弄掉	n3	他
驚かす	おどろかす	使驚訝	n3	他
思い出す	おもいだす	想起	n3	他
思いつく	おもいつく	想到	n3	他
及ぶ	およぶ	及於	n3	自
折る	おる	折	n3	他
折れる	おれる	折斷	n3	自
降ろす	おろす	卸下	n3	他
限る	かぎる	限於	n3	両
隠す	かくす	隱藏	n3	他
隠れる	かくれる	躲藏	n3	自
囲む	かこむ	圍繞	n3	他
重なる	かさなる	重疊	n3	自
数える	かぞえる	數	n3	他
語る	かたる	講述	n3	他
勝つ	かつ	贏	n3	自
通う	かよう	往返	n3	自
絡む	からむ	纏繞	n3	自
刻む	きざむ	切碎；刻	n3	他
競う	きそう	競爭	n3	自
鍛える	きたえる	鍛鍊	n3	他
気付く	きづく	發覺	n3	自
配る	くばる	分發	n3	他
組む	くむ	組成	n3	他
比べる	くらべる	比較	n3	他
加える	くわえる	加上	n3	他
加わる	くわわる	加入	n3	自
削る	けずる	削	n3	他
蹴る	ける	踢	n3	他
焦がす	こがす	烤焦	n3	他
焦げる	こげる	燒焦	n3	自
凍る	こおる	結冰	n3	自
超える	こえる	超過	n3	他
転ぶ	ころぶ	跌倒	n3	自
殺す	ころす	殺	n3	他
沈める	しずめる	使沉沒	n3	他
縮む	ちぢむ	縮小	n3	自
縮める	ちぢめる	縮短	n3	他
散らかす	ちらかす	弄亂	n3	他
散らかる	ちらかる	散亂	n3	自
溶かす	とかす	溶化	n3	他
溶ける	とける	融化	n3	自
怠ける	なまける	偷懶	n3	両
眺める	ながめる	眺望	n3	他
流す	ながす	沖洗；流放	n3	他
流れる	ながれる	流動	n3	自
投げる	なげる	投擲	n3	他
殴る	なぐる	毆打	n3	他
撫でる	なでる	撫摸	n3	他
怠る	おこたる	怠慢	n3	他
省みる	かえりみる	反省	n3	他
刺す	さす	刺	n3	他
挟む	はさむ	夾住	n3	他
弾く	ひく	彈奏	n3	他
拭く	ふく	擦拭	n3	他
干す	ほす	曬乾	n3	他
巻く	まく	捲	n3	他
混じる	まじる	混雜	n3	自
纏める	まとめる	歸納	n3	他
見送る	みおくる	送別	n3	他
見つかる	みつかる	被找到	n3	自
見つける	みつける	找到	n3	他
見直す	みなおす	重新審視	n3	他
剥く	むく	剝	n3	他
蒸す	むす	蒸	n3	他
目立つ	めだつ	顯眼	n3	自
黙る	だまる	沉默	n3	自
騙す	だます	欺騙	n3	他
提出する	ていしゅつする	提交	n3	他
申請する	しんせいする	申請	n3	他
登録する	とうろくする	登錄	n3	他
取得する	しゅとくする	取得	n3	他
獲得する	かくとくする	獲得	n3	他
達成する	たっせいする	達成	n3	他
実行する	じっこうする	執行	n3	他
実践する	じっせんする	實踐	n3	他
処理する	しょりする	處理	n3	他
処分する	しょぶんする	處分	n3	他
整理する	せいりする	整理	n3	他
分類する	ぶんるいする	分類	n3	他
統計する	とうけいする	統計	n3	他
集計する	しゅうけいする	匯總	n3	他
計算する	けいさんする	計算	n3	他
測定する	そくていする	測定	n3	他
推定する	すいていする	推定	n3	他
推測する	すいそくする	推測	n3	他
想定する	そうていする	設想	n3	他
仮定する	かていする	假定	n3	他
確定する	かくていする	確定	n3	両
固定する	こていする	固定	n3	両
安定する	あんていする	穩定	n3	自
決意する	けついする	決心	n3	自
宣言する	せんげんする	宣言	n3	他
発言する	はつげんする	發言	n3	他
発明する	はつめいする	發明	n3	他
発見する	はっけんする	發現	n3	他
発揮する	はっきする	發揮	n3	他
表示する	ひょうじする	顯示	n3	他
展示する	てんじする	展示	n3	他
公開する	こうかいする	公開	n3	他
公表する	こうひょうする	公布	n3	他
掲載する	けいさいする	刊登	n3	他
配布する	はいふする	發放	n3	他
供給する	きょうきゅうする	供給	n3	他
提供する	ていきょうする	提供	n3	他
保存する	ほぞんする	保存	n3	他
保管する	ほかんする	保管	n3	他
保護する	ほごする	保護	n3	他
維持する	いじする	維持	n3	他
持続する	じぞくする	持續	n3	自
継続する	けいぞくする	繼續	n3	両
中断する	ちゅうだんする	中斷	n3	両
中止する	ちゅうしする	中止	n3	両
廃止する	はいしする	廢除	n3	他
撤回する	てっかいする	撤回	n3	他
取消する	とりけしする	取消	n3	他
修正する	しゅうせいする	修正	n3	他
訂正する	ていせいする	訂正	n3	他
変更する	へんこうする	變更	n3	両
交渉する	こうしょうする	談判	n3	自
締結する	ていけつする	締結	n3	他
成立する	せいりつする	成立	n3	自
設立する	せつりつする	設立	n3	他
創立する	そうりつする	創立	n3	他
制定する	せいていする	制定	n3	他
規定する	きていする	規定	n3	他
指定する	していする	指定	n3	他
認定する	にんていする	認定	n3	他
承認する	しょうにんする	承認	n3	他
拒否する	きょひする	拒絕	n3	他
辞退する	じたいする	辭退	n3	他
辞任する	じにんする	辭職	n3	自
任命する	にんめいする	任命	n3	他
派遣する	はけんする	派遣	n3	他
配属する	はいぞくする	分配	n3	他
昇進する	しょうしんする	升職	n3	自
降格する	こうかくする	降級	n3	自
解雇する	かいこする	解僱	n3	他
採択する	さいたくする	採納	n3	他
作成する	さくせいする	製作	n3	他
構成する	こうせいする	構成	n3	両
組織する	そしきする	組織	n3	他
編集する	へんしゅうする	編輯	n3	他
執筆する	しっぴつする	執筆	n3	他
出演する	しゅつえんする	演出	n3	自
出場する	しゅつじょうする	出場	n3	自
優勝する	ゆうしょうする	奪冠	n3	自
敗北する	はいぼくする	戰敗	n3	自
脱落する	だつらくする	脫落	n3	自
帰国する	きこくする	回國	n3	自
入国する	にゅうこくする	入境	n3	自
出国する	しゅっこくする	出境	n3	自
移住する	いじゅうする	移居	n3	自
定住する	ていじゅうする	定居	n3	自
避難する	ひなんする	避難	n3	自
救助する	きゅうじょする	救助	n3	他
復旧する	ふっきゅうする	修復	n3	両
復興する	ふっこうする	復興	n3	両
汚染する	おせんする	污染	n3	両
浄化する	じょうかする	淨化	n3	両
循環する	じゅんかんする	循環	n3	両
蒸発する	じょうはつする	蒸發	n3	自
膨張する	ぼうちょうする	膨脹	n3	自
収縮する	しゅうしゅくする	收縮	n3	自
分解する	ぶんかいする	分解	n3	両
合成する	ごうせいする	合成	n3	他
変換する	へんかんする	轉換	n3	他
転換する	てんかんする	轉換	n3	両
応募する	おうぼする	應徵	n3	自
募集する	ぼしゅうする	招募	n3	他
志望する	しぼうする	志願	n3	他
希望する	きぼうする	希望	n3	他
要望する	ようぼうする	要求	n3	他
請求する	せいきゅうする	請求	n3	他
催促する	さいそくする	催促	n3	他
督促する	とくそくする	督促	n3	他
激励する	げきれいする	激勵	n3	他
励ます	はげます	鼓勵	n3	他
溜まる	たまる	積累	n3	自
溜める	ためる	儲存	n3	他
散らす	ちらす	散布	n3	他
覗く	のぞく	偷看	n3	両
覗き込む	のぞきこむ	探頭看	n3	他
見上げる	みあげる	仰望	n3	他
見下ろす	みおろす	俯瞰	n3	他
見守る	みまもる	守護	n3	他
見慣れる	みなれる	看慣	n3	自
聞き取る	ききとる	聽取	n3	他
呼びかける	よびかける	呼籲	n3	自
語りかける	かたりかける	傾訴	n3	自
話しかける	はなしかける	搭話	n3	自
立ち上がる	たちあがる	站起來	n3	自
立ち止まる	たちどまる	停下腳步	n3	自
座り込む	すわりこむ	坐下不走	n3	自
飛び込む	とびこむ	跳入	n3	自
駆け込む	かけこむ	跑進	n3	自
押し込む	おしこむ	擠入	n3	他
引っ張る	ひっぱる	拉	n3	他
押し付ける	おしつける	強加	n3	他
切り替える	きりかえる	切換	n3	他
乗り込む	のりこむ	乘坐	n3	自
乗り出す	のりだす	探身	n3	両
打ち込む	うちこむ	投入	n3	両
追い込む	おいこむ	逼入	n3	他
追いつく	おいつく	追上	n3	自
追い越す	おいこす	超越	n3	他
持ち上げる	もちあげる	舉起	n3	他
差し出す	さしだす	遞出	n3	他
差し支える	さしつかえる	妨礙	n3	自
通り過ぎる	とおりすぎる	經過	n3	他
やり直す	やりなおす	重做	n3	他
思い込む	おもいこむ	深信	n3	自
思い切る	おもいきる	下定決心	n3	他
気に入る	きにいる	中意	n3	自
落ち込む	おちこむ	沮喪	n3	自
立ち寄る	たちよる	順道前往	n3	自
振り向く	ふりむく	回頭看	n3	自
仕上げる	しあげる	完成	n3	他
繰り上げる	くりあげる	提前	n3	他
繰り下げる	くりさげる	延後	n3	他
見落とす	みおとす	遺漏	n3	他
見逃す	みのがす	放過	n3	他
聞き逃す	ききのがす	聽漏	n3	他
漏れる	もれる	洩漏	n3	自
漏らす	もらす	洩露	n3	他
零れる	こぼれる	溢出	n3	自
溢れる	あふれる	溢出	n3	自
染まる	そまる	染上	n3	自
染める	そめる	染色	n3	他
腐る	くさる	腐爛	n3	自
乾かす	かわかす	弄乾	n3	他
温める	あたためる	加溫	n3	他
冷やす	ひやす	冷卻	n3	他
冷える	ひえる	變冷	n3	自
温まる	あたたまる	暖和起來	n3	自
膨らむ	ふくらむ	膨脹	n3	自
膨らます	ふくらます	使膨脹	n3	他
傾く	かたむく	傾斜	n3	自
傾ける	かたむける	使傾斜	n3	他
沿う	そう	沿著	n3	自
逸れる	それる	偏離	n3	自
跳ねる	はねる	彈跳	n3	自
弾む	はずむ	彈起	n3	自
軋む	きしむ	嘎嘎響	n3	自
唸る	うなる	呻吟	n3	自
呟く	つぶやく	喃喃自語	n3	他
囁く	ささやく	低語	n3	他
怒鳴る	どなる	怒吼	n3	自
呼び出す	よびだす	叫出來	n3	他
呼び止める	よびとめる	叫住	n3	他
飼う	かう	飼養	n3	他
耕す	たがやす	耕作	n3	他
蒔く	まく	撒種	n3	他
摘む	つむ	採摘	n3	他
携わる	たずさわる	從事	n3	自
携える	たずさえる	攜帶	n3	他
備える	そなえる	準備	n3	両
備わる	そなわる	具備	n3	自
当てはまる	あてはまる	適用	n3	自
当てる	あてる	猜中；按住	n3	他
生かす	いかす	活用	n3	他
活かす	いかす	發揮	n3	他
省く	はぶく	省略	n3	他
潜る	もぐる	潛入	n3	両
潜む	ひそむ	潛伏	n3	自
扱う	あつかう	處理	n2	他
当てはまる	あてはまる	適用	n2	自
当てる	あてる	猜中	n2	他
暴れる	あばれる	暴動	n2	自
溢れる	あふれる	溢出	n2	自
甘える	あまえる	撒嬌	n2	自
余る	あまる	剩餘	n2	自
誤る	あやまる	犯錯	n2	他
争う	あらそう	爭奪	n2	両
改める	あらためる	改正	n2	他
表す	あらわす	表示	n2	他
現れる	あらわれる	出現	n2	自
生かす	いかす	活用	n2	他
抱く	いだく	抱持	n2	他
至る	いたる	達到	n2	自
一致する	いっちする	一致	n2	自
移る	うつる	移動	n2	自
映る	うつる	映照	n2	自
奪う	うばう	奪取	n2	他
裏切る	うらぎる	背叛	n2	他
恨む	うらむ	怨恨	n2	他
羨む	うらやむ	羨慕	n2	他
得る	える	獲得	n2	他
追いかける	おいかける	追趕	n2	他
応じる	おうじる	回應	n2	自
補う	おぎなう	補充	n2	他
怒る	おこる	生氣	n2	両
行う	おこなう	進行	n2	他
襲う	おそう	襲擊	n2	他
恐れる	おそれる	恐懼	n2	他
脅かす	おびやかす	威脅	n2	他
及ぶ	およぶ	涉及	n2	自
及ぼす	およぼす	給予影響	n2	他
抱える	かかえる	抱持	n2	他
輝く	かがやく	閃耀	n2	自
限る	かぎる	限於	n2	両
隠す	かくす	隱藏	n2	他
欠ける	かける	缺少	n2	自
稼ぐ	かせぐ	賺錢	n2	他
固まる	かたまる	凝固	n2	自
傾く	かたむく	傾斜	n2	自
語る	かたる	講述	n2	他
勝つ	かつ	勝利	n2	自
兼ねる	かねる	兼任	n2	他
構う	かまう	在意	n2	両
噛む	かむ	咬	n2	両
枯れる	かれる	枯萎	n2	自
感じる	かんじる	感受	n2	他
関する	かんする	關於	n2	自
乾燥する	かんそうする	乾燥	n2	自
鍛える	きたえる	鍛鍊	n2	他
気付く	きづく	察覺	n2	自
極める	きわめる	極致	n2	他
崩れる	くずれる	崩塌	n2	自
加える	くわえる	加入	n2	他
加わる	くわわる	參加	n2	自
繰り返す	くりかえす	重複	n2	他
苦しむ	くるしむ	痛苦	n2	自
削る	けずる	削減	n2	他
検討する	けんとうする	研討	n2	他
貢献する	こうけんする	貢獻	n2	自
越える	こえる	越過	n2	他
凍る	こおる	結冰	n2	自
試みる	こころみる	嘗試	n2	他
異なる	ことなる	不同	n2	自
断る	ことわる	拒絕	n2	他
好む	このむ	喜好	n2	他
込む	こむ	擁擠	n2	自
懲りる	こりる	受夠了	n2	自
壊す	こわす	破壞	n2	他
壊れる	こわれる	壞掉	n2	自
逆らう	さからう	違抗	n2	自
叫ぶ	さけぶ	喊叫	n2	両
避ける	さける	避免	n2	他
差す	さす	照射	n2	両
支える	ささえる	支撐	n2	他
指す	さす	指向	n2	他
刺す	さす	刺	n2	他
誘う	さそう	邀請	n2	他
覚ます	さます	醒來	n2	他
妨げる	さまたげる	阻礙	n2	他
沈む	しずむ	沉沒	n2	自
従う	したがう	服從	n2	自
示す	しめす	顯示	n2	他
占める	しめる	佔據	n2	他
縛る	しばる	綁住	n2	他
絞る	しぼる	擰乾	n2	他
染みる	しみる	滲透	n2	自
じっとする	じっとする	靜止不動	n2	自
実行する	じっこうする	執行	n2	他
実践する	じっせんする	實踐	n2	他
実証する	じっしょうする	實證	n2	他
上達する	じょうたつする	進步	n2	自
生じる	しょうじる	產生	n2	両
処分する	しょぶんする	處分	n2	他
信じる	しんじる	相信	n2	他
進める	すすめる	推進	n2	他
勧める	すすめる	推薦	n2	他
済ませる	すませる	解決	n2	他
滑る	すべる	滑倒	n2	自
刷る	する	印刷	n2	他
澄む	すむ	澄清	n2	自
逸れる	それる	偏離	n2	自
揃う	そろう	齊全	n2	自
揃える	そろえる	備齊	n2	他
育つ	そだつ	成長	n2	自
育てる	そだてる	培育	n2	他
備える	そなえる	具備	n2	他
染める	そめる	染色	n2	他
反る	そる	彎曲	n2	自
存じる	ぞんじる	知道(謙)	n2	他
耐える	たえる	忍耐	n2	自
絶える	たえる	斷絕	n2	自
高める	たかめる	提高	n2	他
炊く	たく	煮飯	n2	他
蓄える	たくわえる	儲存	n2	他
確かめる	たしかめる	確認	n2	他
助かる	たすかる	得救	n2	自
戦う	たたかう	戰鬥	n2	自
畳む	たたむ	折疊	n2	他
保つ	たもつ	保持	n2	他
頼る	たよる	依靠	n2	自
散らかす	ちらかす	弄亂	n2	他
散らかる	ちらかる	散亂	n2	自
散る	ちる	散落	n2	自
費やす	ついやす	花費	n2	他
突く	つく	刺	n2	他
尽くす	つくす	竭盡	n2	他
告げる	つげる	告知	n2	他
つなげる	つなげる	連接	n2	他
潰す	つぶす	壓扁	n2	他
潰れる	つぶれる	倒閉	n2	自
積む	つむ	堆積	n2	他
積もる	つもる	累積	n2	自
釣り合う	つりあう	平衡	n2	自
出合う	であう	遇見	n2	自
溶かす	とかす	融化	n2	他
溶ける	とける	溶解	n2	自
閉じる	とじる	關閉	n2	両
整う	ととのう	齊備	n2	自
整える	ととのえる	整備	n2	他
届く	とどく	送達	n2	自
届ける	とどける	送交	n2	他
飛ばす	とばす	使飛	n2	他
富む	とむ	富有	n2	自
伴う	ともなう	伴隨	n2	他
捕る	とる	捕捉	n2	他
取り組む	とりくむ	致力於	n2	自
取り消す	とりけす	取消	n2	他
取り入れる	とりいれる	採納	n2	他
投げる	なげる	投擲	n2	他
嘆く	なげく	嘆息	n2	他
撫でる	なでる	撫摸	n2	他
怠る	おこたる	怠慢	n2	他
馴染む	なじむ	適應	n2	自
悩む	なやむ	煩惱	n2	自
慣れる	なれる	習慣	n2	自
握る	にぎる	握住	n2	他
逃げる	にげる	逃跑	n2	自
抜く	ぬく	抽出	n2	他
抜ける	ぬける	脫落	n2	自
濡れる	ぬれる	弄濕	n2	自
願う	ねがう	祈願	n2	他
狙う	ねらう	瞄準	n2	他
延ばす	のばす	延長	n2	他
伸びる	のびる	伸展	n2	自
乗り越える	のりこえる	克服	n2	他
測る	はかる	測量	n2	他
図る	はかる	謀求	n2	他
励む	はげむ	努力	n2	自
励ます	はげます	鼓勵	n2	他
挟む	はさむ	夾住	n2	他
果たす	はたす	完成	n2	他
外す	はずす	脫下	n2	他
外れる	はずれる	偏離	n2	自
発揮する	はっきする	發揮	n2	他
発生する	はっせいする	發生	n2	自
離す	はなす	分開	n2	他
離れる	はなれる	離開	n2	自
省く	はぶく	省略	n2	他
阻む	はばむ	阻擋	n2	他
振る	ふる	揮動	n2	他
振り返る	ふりかえる	回顧	n2	他
触れる	ふれる	觸摸	n2	自
増す	ます	增加	n2	両
混じる	まじる	混合	n2	自
混ぜる	まぜる	攪拌	n2	他
纏まる	まとまる	統整	n2	自
纏める	まとめる	彙整	n2	他
招く	まねく	招待	n2	他
迷う	まよう	猶豫	n2	自
磨く	みがく	磨亮	n2	他
満たす	みたす	滿足	n2	他
認める	みとめる	承認	n2	他
導く	みちびく	引導	n2	他
向く	むく	面向	n2	自
向ける	むける	朝向	n2	他
恵まれる	めぐまれる	被賜予	n2	自
目立つ	めだつ	顯眼	n2	自
申し込む	もうしこむ	申請	n2	他
設ける	もうける	設置	n2	他
儲ける	もうける	賺錢	n2	他
基づく	もとづく	基於	n2	自
求める	もとめる	追求	n2	他
漏れる	もれる	洩漏	n2	自
燃える	もえる	燃燒	n2	自
燃やす	もやす	焚燒	n2	他
もたらす	もたらす	帶來	n2	他
用いる	もちいる	使用	n2	他
養う	やしなう	養育	n2	他
雇う	やとう	雇用	n2	他
破る	やぶる	打破	n2	他
破れる	やぶれる	破裂	n2	自
譲る	ゆずる	讓步	n2	他
揺れる	ゆれる	搖晃	n2	自
汚す	よごす	弄髒	n2	他
汚れる	よごれる	被弄髒	n2	自
寄せる	よせる	靠近	n2	他
弱る	よわる	衰弱	n2	自
沸く	わく	沸騰	n2	自
分ける	わける	區分	n2	他
渡す	わたす	交給	n2	他
把握する	はあくする	掌握	n2	他
廃棄する	はいきする	廢棄	n2	他
排除する	はいじょする	排除	n2	他
反映する	はんえいする	反映	n2	両
否定する	ひていする	否定	n2	他
比較する	ひかくする	比較	n2	他
評価する	ひょうかする	評價	n2	他
普及する	ふきゅうする	普及	n2	自
負担する	ふたんする	負擔	n2	他
分析する	ぶんせきする	分析	n2	他
分類する	ぶんるいする	分類	n2	他
変換する	へんかんする	轉換	n2	他
補償する	ほしょうする	補償	n2	他
保証する	ほしょうする	保證	n2	他
翻訳する	ほんやくする	翻譯	n2	他
満足する	まんぞくする	滿足	n2	自
無視する	むしする	忽視	n2	他
矛盾する	むじゅんする	矛盾	n2	自
免除する	めんじょする	免除	n2	他
黙る	だまる	沉默	n2	自
約束する	やくそくする	約定	n2	他
要求する	ようきゅうする	要求	n2	他
予測する	よそくする	預測	n2	他
理解する	りかいする	理解	n2	他
了承する	りょうしょうする	諒解	n2	他
連想する	れんそうする	聯想	n2	他
浪費する	ろうひする	浪費	n2	他
わがままする	わがままする	任性	n2	自
対応する	たいおうする	應對	n2	自
対処する	たいしょする	處理	n2	自
蓄積する	ちくせきする	累積	n2	両
調整する	ちょうせいする	調整	n2	他
追求する	ついきゅうする	追求	n2	他
適応する	てきおうする	適應	n2	自
統合する	とうごうする	整合	n2	他
統制する	とうせいする	管制	n2	他
投入する	とうにゅうする	投入	n2	他
登録する	とうろくする	登錄	n2	両
導入する	どうにゅうする	導入	n2	他
認定する	にんていする	認定	n2	他
廃止する	はいしする	廢止	n2	他
配慮する	はいりょする	顧慮	n2	自
提供する	ていきょうする	提供	n2	他
提出する	ていしゅつする	提交	n2	他
訂正する	ていせいする	訂正	n2	他
抵抗する	ていこうする	抵抗	n2	自
徹底する	てっていする	徹底	n2	両
展示する	てんじする	展示	n2	他
転換する	てんかんする	轉換	n2	両
伝達する	でんたつする	傳達	n2	他
想像する	そうぞうする	想像	n2	他
創造する	そうぞうする	創造	n2	他
操作する	そうさする	操作	n2	他
促進する	そくしんする	促進	n2	他
存続する	そんぞくする	存續	n2	自
選択する	せんたくする	選擇	n2	他
宣言する	せんげんする	宣言	n2	他
占領する	せんりょうする	佔領	n2	他
成立する	せいりつする	成立	n2	自
制御する	せいぎょする	控制	n2	他
生存する	せいぞんする	生存	n2	自
削除する	さくじょする	刪除	n2	他
参照する	さんしょうする	參照	n2	他
賛同する	さんどうする	贊同	n2	自
支配する	しはいする	支配	n2	他
指摘する	してきする	指出	n2	他
実現する	じつげんする	實現	n2	両
修正する	しゅうせいする	修正	n2	他
主張する	しゅちょうする	主張	n2	他
省略する	しょうりゃくする	省略	n2	他
承認する	しょうにんする	承認	n2	他
証明する	しょうめいする	證明	n2	他
侵入する	しんにゅうする	侵入	n2	両
申請する	しんせいする	申請	n2	他
推薦する	すいせんする	推薦	n2	他
推定する	すいていする	推定	n2	他
開催する	かいさいする	舉辦	n2	他
回収する	かいしゅうする	回收	n2	他
解釈する	かいしゃくする	解釋	n2	他
改正する	かいせいする	修改	n2	他
解消する	かいしょうする	消除	n2	両
確保する	かくほする	確保	n2	他
確立する	かくりつする	確立	n2	両
活用する	かつようする	活用	n2	他
感謝する	かんしゃする	感謝	n2	自
完了する	かんりょうする	完成	n2	両
管理する	かんりする	管理	n2	他
規定する	きていする	規定	n2	他
記述する	きじゅつする	記述	n2	他
強化する	きょうかする	強化	n2	他
共存する	きょうぞんする	共存	n2	自
許可する	きょかする	許可	n2	他
区別する	くべつする	區別	n2	他
経過する	けいかする	經過	n2	自
軽減する	けいげんする	減輕	n2	他
継続する	けいぞくする	持續	n2	両
決定する	けっていする	決定	n2	両
限定する	げんていする	限定	n2	他
交換する	こうかんする	交換	n2	他
公開する	こうかいする	公開	n2	他
攻撃する	こうげきする	攻擊	n2	他
工夫する	くふうする	想辦法	n2	他
克服する	こくふくする	克服	n2	他
携わる	たずさわる	從事	n2	自
請う	こう	請求	n2	他
称する	しょうする	稱為	n2	両
廃れる	すたれる	衰退	n2	自
栄える	さかえる	繁榮	n2	自
衰える	おとろえる	衰退	n2	自
滅びる	ほろびる	滅亡	n2	自
滅ぼす	ほろぼす	消滅	n2	他
覆す	くつがえす	推翻	n2	他
覆る	くつがえる	被推翻	n2	自
企てる	くわだてる	策劃	n2	他
偽る	いつわる	偽造	n2	他
欺く	あざむく	欺騙	n2	他
蔑む	さげすむ	蔑視	n2	他
侮る	あなどる	輕視	n2	他
嘲る	あざける	嘲笑	n2	他
憤る	いきどおる	憤怒	n2	自
悔いる	くいる	後悔	n2	他
怯える	おびえる	害怕	n2	自
慌てる	あわてる	慌張	n2	自
焦る	あせる	焦急	n2	自
煽る	あおる	煽動	n2	他
唆す	そそのかす	唆使	n2	他
促す	うながす	促使	n2	他
催す	もよおす	舉辦	n2	他
営む	いとなむ	經營	n2	他
賄う	まかなう	負擔費用	n2	他
司る	つかさどる	掌管	n2	他
統べる	すべる	統治	n2	他
治める	おさめる	治理	n2	他
納める	おさめる	繳納	n2	他
収める	おさめる	收入	n2	他
修める	おさめる	學習	n2	他
捧げる	ささげる	奉獻	n2	他
献じる	けんじる	獻上	n2	他
施す	ほどこす	施予	n2	他
授ける	さずける	授予	n2	他
享受する	きょうじゅする	享受	n2	他
被る	こうむる	遭受	n2	他
蒙る	こうむる	蒙受	n2	他
甘んじる	あまんじる	甘受	n2	自
免れる	まぬがれる	倖免	n2	他
逃れる	のがれる	逃脫	n2	両
潜む	ひそむ	潛伏	n2	自
潜る	もぐる	潛入	n2	両
忍ぶ	しのぶ	忍耐	n2	両
堪える	こらえる	忍受	n2	両
凌ぐ	しのぐ	凌駕	n2	他
勝る	まさる	勝過	n2	自
劣る	おとる	不如	n2	自
匹敵する	ひってきする	匹敵	n2	自
凌駕する	りょうがする	凌駕	n2	他
上回る	うわまわる	超過	n2	他
下回る	したまわる	低於	n2	他
膨らむ	ふくらむ	膨脹	n2	自
縮む	ちぢむ	縮小	n2	自
縮まる	ちぢまる	縮短	n2	自
縮める	ちぢめる	縮短	n2	他
広がる	ひろがる	擴展	n2	自
広める	ひろめる	推廣	n2	他
狭める	せばめる	縮窄	n2	他
深める	ふかめる	加深	n2	他
強める	つよめる	加強	n2	他
弱める	よわめる	減弱	n2	他
早める	はやめる	加快	n2	他
遅らせる	おくらせる	延遲	n2	他
和らげる	やわらげる	緩和	n2	他
和む	なごむ	緩和	n2	自
鎮める	しずめる	平息	n2	他
鎮まる	しずまる	平靜	n2	自
静める	しずめる	使安靜	n2	他
騒ぐ	さわぐ	喧鬧	n2	自
暴く	あばく	揭露	n2	他
曝す	さらす	曝曬	n2	他
晒す	さらす	暴露	n2	他
露わにする	あらわにする	揭示	n2	他
掲げる	かかげる	揭示	n2	他
唱える	となえる	提倡	n2	他
訴える	うったえる	控訴	n2	他
詫びる	わびる	道歉	n2	他
償う	つぐなう	賠償	n2	他
報いる	むくいる	報答	n2	他
仕える	つかえる	侍奉	n2	自
仕組む	しくむ	策劃	n2	他
仕切る	しきる	主持	n2	他
見做す	みなす	視為	n2	他
見極める	みきわめる	看清	n2	他
見守る	みまもる	守護	n2	他
見落とす	みおとす	忽略	n2	他
見直す	みなおす	重新審視	n2	他
見合わせる	みあわせる	暫緩	n2	他
見出す	みいだす	發現	n2	他
差し支える	さしつかえる	妨礙	n2	自
差し引く	さしひく	扣除	n2	他
打ち合わせる	うちあわせる	商討	n2	他
打ち切る	うちきる	中止	n2	他
打ち込む	うちこむ	投入	n2	両
切り替える	きりかえる	切換	n2	他
切り開く	きりひらく	開闢	n2	他
受け止める	うけとめる	接受	n2	他
受け継ぐ	うけつぐ	繼承	n2	他
受け入れる	うけいれる	接受	n2	他
引き受ける	ひきうける	承擔	n2	他
引き起こす	ひきおこす	引起	n2	他
引き下げる	ひきさげる	降低	n2	他
引き上げる	ひきあげる	提高	n2	他
引き延ばす	ひきのばす	拖延	n2	他
引き返す	ひきかえす	折返	n2	自
言い渡す	いいわたす	宣告	n2	他
言い換える	いいかえる	換句話說	n2	他
繰り上げる	くりあげる	提前	n2	他
繰り下げる	くりさげる	延後	n2	他
追い込む	おいこむ	逼入	n2	他
追い付く	おいつく	追上	n2	自
追い越す	おいこす	超越	n2	他
乗り換える	のりかえる	轉乘	n2	他
乗り出す	のりだす	著手	n2	自
踏み切る	ふみきる	下決心	n2	自
踏み出す	ふみだす	踏出	n2	他
踏まえる	ふまえる	根據	n2	他
立ち上がる	たちあがる	站起來	n2	自
立ち向かう	たちむかう	面對	n2	自
思い切る	おもいきる	下決心	n2	他
思い込む	おもいこむ	深信不疑	n2	自
思い当たる	おもいあたる	想到	n2	自
肯定する	こうていする	肯定	n2	他
批判する	ひはんする	批判	n2	他
反論する	はんろんする	反駁	n2	自
論じる	ろんじる	論述	n2	他
